USE `veterinary_clinic`;

INSERT INTO `owner`
(lastname, firstname, patronymic, gender, birthday, address, phone, created_at)
VALUES 
('Крючкова', 'Карина', 'Демидовна', 'жен', '1988-02-04', 'Лебединая улица д.28, кв.93', '89421816826', '2018-01-02 18:22:40'),
('Кононов', 'Дорофей', 'Филатович', 'муж', '1985-04-11', 'Красногвардейский переулок д.50, кв.126', '89791907987', '2018-01-15 13:48:55'),
('Кузьмин', 'Емельян', 'Леонидович', 'муж', '1977-04-26', 'Полевая дорога д.47, кв.176', '89750618270', '2018-02-04 21:45:14'),
('Черепанова', 'Нина', 'Антониновна', 'жен', '2005-01-09', 'Фарфоровский пост д.20, кв.138', '89462739260', '2018-02-09 13:26:46'),
('Сидорова', 'Татьяна', 'Герасимовна', 'жен', '1972-06-15', 'улица Большая Морская д.28, кв.99', '89146185028', '2018-02-27 14:32:49'),
('Карасева', 'Диана', 'Глебовна', 'жен', '1994-05-26', 'проспект Культуры д.22, кв.46', '89166109756', '2018-04-01 15:57:32'),
('Жириновская', 'Наталья', 'Макаровна', 'жен', '2004-01-03', 'Смольная набережная д.46, кв.159', '89755858802', '2018-04-06 19:48:40'),
('Похлёбкин', 'Тарас', 'Кондратович', 'муж', '1968-08-02', 'Мурзинская улица д.45, кв.197', '89494394873', '2018-04-22 22:06:23'),
('Зайцева', 'Милена', 'Андреевна', 'жен', '1985-09-12', 'шоссе Революции д.21, кв.130', '89608218255', '2018-04-29 19:56:20'),
('Антипова', 'Камилла', 'Александровна', 'жен', '1974-06-05', 'Вертолетная улица д.35, кв.142', '89279879070', '2018-06-02 22:03:45'),
('Кравцов', 'Ерофей', 'Кириллович', 'муж', '1995-05-29', 'улица Максима Горького д.7, кв.11', '89854500675', '2018-07-17 22:24:15'),
('Ельцин', 'Галактион', 'Даниилович', 'муж', '1978-08-15', 'Лоцманская улица д.1, кв.66', '89163959874', '2018-07-24 13:07:56'),
('Никулин', 'Филат', 'Михаилович', 'муж', '2002-05-15', 'улица Генерала Симоняка д.26, кв.19', '89855710178', '2018-08-17 17:48:52'),
('Жириновский', 'Владлен', 'Владиславович', 'муж', '1992-05-24', 'набережная Бумажного канала д.21, кв.182', '89633611807', '2018-09-18 22:25:28'),
('Ширяев', 'Игнат', 'Юрьевич', 'муж', '1980-06-18', 'Садовая улица д.54, кв.84', '89584781934', '2018-09-24 12:40:59'),
('Ерёмина', 'Лейла', 'Самуиловна', 'жен', '2014-06-28', 'улица Большевиков д.35, кв.24', '89822323440', '2018-10-09 11:33:01'),
('Рудакова', 'Майя', 'Демидовна', 'жен', '1997-02-02', 'Моховая улица д.10, кв.120', '89554744781', '2018-10-28 19:30:06'),
('Кочетова', 'Ярослава', 'Несторовна', 'жен', '1971-05-16', 'улица Чудновского д.7, кв.47', '89970193266', '2018-12-30 12:32:48'),
('Молчанова', 'Алина', 'Николаевна', 'жен', '2016-08-30', 'Троицкий проспект д.49, кв.17', '89480029696', '2019-01-01 21:12:49'),
('Дроздов', 'Вадим', 'Демьянович', 'муж', '1960-01-28', 'Воронинский проезд д.2, кв.16', '89103360409', '2019-01-10 22:25:27'),
('Масленников', 'Родослав', 'Степанович', 'муж', '1965-02-16', 'проспект Пархоменко д.12, кв.155', '89533343886', '2019-01-13 15:09:30'),
('Винокуров', 'Прохор', 'Прохорович', 'муж', '2002-08-22', 'Эмануиловская улица д.20, кв.154', '89607368970', '2019-02-15 15:11:56'),
('Корнеева', 'Лариса', 'Еремеевна', 'жен', '2003-10-02', 'Стеклянная улица д.57, кв.37', '89298697876', '2019-02-20 19:59:51'),
('Рыжов', 'Кондрат', 'Мирославович', 'муж', '1975-07-11', 'Подольская улица д.14, кв.18', '89859686790', '2019-02-22 22:30:53'),
('Петровская', 'Елена', 'Анатольевна', 'жен', '2002-10-30', 'Конный переулок д.39, кв.139', '89025386332', '2019-02-25 10:33:59'),
('Вагина', 'Есения', 'Владиславовна', 'жен', '1966-12-29', 'улица Косинова д.19, кв.52', '89384382747', '2019-02-27 22:34:18'),
('Королёва', 'Ева', 'Германовна', 'жен', '1998-03-06', 'улица Капитана Грищенко д.57, кв.62', '89546665356', '2019-03-20 13:02:44'),
('Позднякова', 'Полина', 'Андреевна', 'жен', '1981-02-07', 'Перевозный переулок д.10, кв.106', '89541919130', '2019-03-24 15:14:53'),
('Аксёнов', 'Лаврентий', 'Кирович', 'муж', '1994-09-16', 'Лабораторная улица д.47, кв.2', '89172583451', '2019-04-08 21:42:34'),
('Суворова', 'Альбина', 'Валерьевна', 'жен', '1967-09-21', 'Москательный переулок д.42, кв.88', '89044302721', '2019-05-21 18:00:21'),
('Путина', 'Амина', 'Богдановна', 'жен', '1986-07-06', 'Конногвардейский бульвар д.17, кв.191', '89449814279', '2019-06-28 20:18:07'),
('Скворцов', 'Вадим', 'Аркадьевич', 'муж', '1997-01-20', 'Северная улица д.60, кв.60', '89748844434', '2019-07-01 14:27:47'),
('Швецова', 'Анна', 'Афанасьевна', 'жен', '1979-06-25', 'Друскеникский переулок д.7, кв.62', '89980161547', '2019-08-06 13:18:00'),
('Журавлёв', 'Вадим', 'Харитонович', 'муж', '1992-11-14', 'улица Кованько д.33, кв.125', '89069697946', '2019-09-16 21:05:49'),
('Лебедев', 'Даниил', 'Демидович', 'муж', '1989-11-21', 'Слободская улица д.12, кв.68', '89208702151', '2019-11-27 17:30:23'),
('Поликарпова', 'Галина', 'Родославовна', 'жен', '1981-01-18', 'улица Корнея Чуковского д.55, кв.186', '89950611894', '2019-11-30 17:11:21'),
('Овчинников', 'Емельян', 'Витальевич', 'муж', '1996-01-24', 'Прилуговая улица д.55, кв.193', '89851667693', '2019-12-15 13:09:41'),
('Головин', 'Ефрем', 'Станиславович', 'муж', '1995-08-04', 'проспект Мечникова д.52, кв.22', '89412399205', '2019-12-21 21:38:13'),
('Навальная', 'Оксана', 'Аркадьевна', 'жен', '1963-05-11', 'набережная Зимней канавки д.57, кв.3', '89115393494', '2019-12-23 11:26:50'),
('Дубровина', 'Аксинья', 'Леонидовна', 'жен', '1997-04-03', 'Пролетарская улица д.47, кв.133', '89884555003', '2019-12-29 13:40:33'),
('Руднева', 'Жанна', 'Анатольевна', 'жен', '1989-12-15', 'улица Дегтярева д.18, кв.128', '89003508293', '2020-01-08 16:58:48'),
('Ушакова', 'Эльвира', 'Ефремовна', 'жен', '1983-12-19', 'Тифлисская улица д.23, кв.72', '89661309062', '2020-01-19 20:47:30'),
('Рублёва', 'Светлана', 'Венедиктовна', 'жен', '1988-10-13', 'Конный переулок д.55, кв.4', '89708432592', '2020-02-22 17:55:13'),
('Зубкова', 'Алена', 'Филипповна', 'жен', '1996-12-23', 'улица Ольминского д.9, кв.86', '89025328846', '2020-03-12 12:58:32'),
('Мартынов', 'Назар', 'Афанасьевич', 'муж', '2003-01-07', 'набережная Адмиралтейского канала д.45, кв.101', '89242245160', '2020-03-28 18:03:46'),
('Ткачёв', 'Кузьма', 'Родославович', 'муж', '1972-11-04', 'Саблинская улица д.30, кв.93', '89533035435', '2020-05-02 22:09:23'),
('Строева', 'Мирослава', 'Прохоровна', 'жен', '1996-05-04', 'улица Черкасова д.2, кв.38', '89588027043', '2020-05-28 11:04:30'),
('Самсонов', 'Марк', 'Яковович', 'муж', '1999-04-14', 'Российский проспект д.51, кв.69', '89403577080', '2020-06-01 19:03:37'),
('Царёва', 'Татьяна', 'Всеволодовна', 'жен', '1984-06-10', 'Крестьянский переулок д.9, кв.10', '89408336340', '2020-06-19 10:57:45'),
('Усова', 'Сабина', 'Феликсовна', 'жен', '2002-07-17', 'улица Минина д.30, кв.97', '89707576592', '2020-06-25 17:20:06'),
('Карташова', 'Тамара', 'Ильинишна', 'жен', '1989-10-26', 'Матисов переулок д.54, кв.138', '89864419495', '2020-07-19 18:15:16'),
('Михеев', 'Леонид', 'Ерофеевич', 'муж', '1987-10-06', 'Школьная улица д.58, кв.58', '89560216635', '2020-08-12 12:56:24'),
('Котова', 'Сабина', 'Ростиславовна', 'жен', '1973-06-06', 'набережная Матисова Канала д.32, кв.192', '89803118580', '2020-08-28 22:37:59'),
('Беляков', 'Алексей', 'Лаврентьевич', 'муж', '1998-04-01', 'Ржевская улица д.58, кв.60', '89461801090', '2020-10-13 18:08:12'),
('Новиков', 'Марк', 'Николаевич', 'муж', '1977-02-16', 'Ковенский переулок д.49, кв.10', '89942345417', '2020-10-21 19:41:05'),
('Синицина', 'София', 'Филипповна', 'жен', '1992-02-19', 'Гаванная улица д.42, кв.186', '89041863250', '2020-10-24 12:08:16'),
('Швецова', 'Лариса', 'Федотовна', 'жен', '1991-11-20', 'улица Вернадского д.43, кв.54', '89258312011', '2020-11-30 21:13:03'),
('Нечаева', 'Эльвира', 'Владимировна', 'жен', '1960-12-02', 'улица Красных Курсантов д.3, кв.139', '89139006588', '2021-01-01 11:34:11'),
('Старостина', 'Вера', 'Никитишна', 'жен', '1980-06-03', 'набережная Матисова Канала д.57, кв.111', '89671373620', '2021-01-05 13:55:34'),
('Комарова', 'Агния', 'Кимовна', 'жен', '1985-10-24', 'Тульская улица д.11, кв.112', '89037332372', '2021-01-14 12:46:51'),
('Кукушкина', 'Ника', 'Викторовна', 'жен', '1995-11-15', 'Лахтинская улица д.23, кв.176', '89952794497', '2021-03-31 12:40:13'),
('Беликова', 'Василиса', 'Тимофеевна', 'жен', '1983-10-27', 'Головкинская улица д.21, кв.10', '89181393546', '2021-04-01 18:55:49'),
('Кравцов', 'Владлен', 'Янович', 'муж', '1991-08-05', 'Сахарный переулок д.11, кв.150', '89434854729', '2021-04-28 18:35:30'),
('Шишкин', 'Степан', 'Юрьевич', 'муж', '1999-09-14', 'Белоостровская улица д.39, кв.130', '89772367592', '2021-06-29 17:13:38'),
('Карпова', 'Марина', 'Аристарховна', 'жен', '1964-06-26', 'Яковская улица д.16, кв.42', '89898192812', '2021-07-10 17:51:23'),
('Федосов', 'Руслан', 'Богданович', 'муж', '1982-10-25', 'улица Вакуленчука д.54, кв.81', '89430644508', '2021-07-10 20:04:22'),
('Горбачёва', 'Вера', 'Матвеевна', 'жен', '1962-03-10', 'Михайловская улица д.24, кв.128', '89936699849', '2021-07-13 19:28:40'),
('Никонов', 'Виктор', 'Владимирович', 'муж', '1960-01-27', 'Военная улица д.57, кв.104', '89117034464', '2021-08-03 10:04:22'),
('Федосеев', 'Николай', 'Фомич', 'муж', '2000-02-29', 'улица Бабанова д.53, кв.53', '89536643913', '2021-08-20 14:09:55'),
('Архипов', 'Галактион', 'Фомич', 'муж', '1966-09-30', 'Рабочая улица д.25, кв.136', '89980919588', '2021-10-12 13:03:20'),
('Чернойа', 'Анна', 'Германовна', 'жен', '1969-06-21', 'улица Чернова д.36, кв.82', '89138571970', '2021-11-10 18:14:36'),
('Козырев', 'Семён', 'Филатович', 'муж', '1992-05-17', 'Лисичанская улица д.27, кв.131', '89069859222', '2021-12-04 10:48:48'),
('Дубровина', 'Мирослава', 'Фомовна', 'жен', '2004-07-14', 'Караванная улица д.37, кв.121', '89901374833', '2021-12-19 14:31:46'),
('Сёмин', 'Илья', 'Даниилович', 'муж', '1996-09-14', 'Азовская улица д.1, кв.152', '89958657760', '2022-01-02 12:27:18'),
('Синицин', 'Филипп', 'Леонидович', 'муж', '2018-08-23', 'Храмов переулок д.51, кв.41', '89070069998', '2022-03-19 17:07:08'),
('Золотов', 'Валентин', 'Тихонович', 'муж', '1964-09-25', 'Железноводская улица д.45, кв.87', '89257922153', '2022-04-04 13:42:32'),
('Романов', 'Савелий', 'Кимович', 'муж', '1969-02-20', 'проспект Маршала Жукова д.16, кв.169', '89496584555', '2022-04-12 16:20:18'),
('Беликова', 'Амелия', 'Григорьевна', 'жен', '1984-07-31', 'улица Академика Павлова д.31, кв.83', '89616287459', '2022-05-19 10:53:00'),
('Родионов', 'Даниил', 'Константинович', 'муж', '1961-08-15', 'Коннолахтинский проспект д.20, кв.163', '89742386731', '2022-05-24 13:57:06'),
('Бабушкина', 'София', 'Владимировна', 'жен', '2001-11-16', 'улица Зои Космодемьянской д.53, кв.50', '89448744729', '2022-07-10 22:17:54'),
('Лаптев', 'Дорофей', 'Лаврентьевич', 'муж', '1986-04-17', 'Арсеньевский переулок д.55, кв.181', '89612372825', '2022-08-31 19:28:40'),
('Шубин', 'Николай', 'Богданович', 'муж', '1994-07-20', 'Пионерский переулок д.7, кв.75', '89293665598', '2022-09-12 11:12:51'),
('Рыжов', 'Виталий', 'Ермолаевич', 'муж', '1995-07-14', 'Головкинская улица д.8, кв.103', '89869642522', '2022-11-10 17:05:50'),
('Бурова', 'Лариса', 'Никитишна', 'жен', '1987-01-27', 'Верейская улица д.20, кв.9', '89490768271', '2022-11-23 12:25:49'),
('Русаков', 'Григорий', 'Артёмович', 'муж', '1980-05-10', 'Привокзальная улица д.45, кв.162', '89825699883', '2022-11-28 14:30:14'),
('Литвинова', 'Алиса', 'Денисовна', 'жен', '1998-01-29', 'Московский проспект д.39, кв.62', '89897194076', '2022-12-01 17:48:37'),
('Черняев', 'Альберт', 'Максимович', 'муж', '1990-01-18', 'улица Литераторов д.6, кв.170', '89027785313', '2023-01-22 11:23:12'),
('Руднева', 'Лина', 'Кондратовна', 'жен', '1979-11-03', 'Новосмоленская набережная д.59, кв.87', '89440113381', '2023-01-30 10:44:04'),
('Горлова', 'Амина', 'Лукинишна', 'жен', '2002-07-09', 'Большеохтинский проспект д.58, кв.29', '89353325576', '2023-02-23 20:38:21'),
('Одинцова', 'Евгения', 'Антониновна', 'жен', '1973-03-26', 'Волхонское шоссе д.23, кв.18', '89544886935', '2023-02-24 15:06:40'),
('Панов', 'Родослав', 'Ермолаевич', 'муж', '1969-05-22', 'Лидинская улица д.38, кв.132', '89816308839', '2023-05-17 17:18:43'),
('Копылова', 'Ангелина', 'Несторовна', 'жен', '1969-10-28', 'Замшина улица д.16, кв.133', '89725888133', '2023-06-04 15:17:06'),
('Сухов', 'Прохор', 'Гавриилович', 'муж', '2015-10-22', 'улица Капитана Воронина д.22, кв.40', '89692632007', '2023-07-14 10:02:35'),
('Белкин', 'Герасим', 'Викторович', 'муж', '1962-09-13', 'Эсперов переулок д.54, кв.175', '89389873414', '2023-08-26 13:49:38'),
('Ерохин', 'Григорий', 'Самуилович', 'муж', '1984-02-15', 'улица Крыленко д.33, кв.187', '89251137943', '2023-08-31 14:54:50'),
('Навальный', 'Владислав', 'Романович', 'муж', '1999-01-13', 'улица Карла Либкнехта д.44, кв.102', '89040422326', '2023-10-11 12:23:15'),
('Королёв', 'Емельян', 'Глебович', 'муж', '2004-11-16', 'улица Джона Рида д.44, кв.130', '89295456047', '2023-10-16 14:59:24'),
('Кроликов', 'Дорофей', 'Дорофеевич', 'муж', '2005-03-10', 'Оборонная улица д.20, кв.138', '89795956381', '2023-10-31 12:57:40'),
('Хромов', 'Виталий', 'Антонович', 'муж', '1968-04-08', 'улица Осипенко д.31, кв.1', '89661580680', '2023-11-02 15:23:29'),
('Голованов', 'Ерофей', 'Пантелемонович', 'муж', '1990-11-05', 'Лесной переулок д.32, кв.187', '89229241670', '2023-12-10 20:26:48');

INSERT INTO `animal`
(owner_id, name, kind, breed, gender, birthday, castration, created_at)
VALUES
('31', 'Гуля', 'соб', 'бигль', 'сука', '2019-04-22', 'не стер', '2018-01-24 12:10:25'),
('18', 'Арабика', 'кош', 'бенгальская кошка', 'кошка', '2023-07-04', 'стер', '2018-04-09 16:28:37'),
('83', 'Тайфун', 'соб', 'курцхаар', 'кобель', '2014-02-14', 'не стер', '2018-04-12 13:52:29'),
('98', 'Клюква', 'соб', 'бостон-терьер', 'сука', '2018-01-16', 'не стер', '2018-04-12 14:28:12'),
('31', 'Шериф', 'соб', 'цвергшнауцер', 'кобель', '2021-01-02', 'не стер', '2018-06-02 12:43:32'),
('100', 'Сакура', 'кош', 'мейн-кун', 'кошка', '2019-09-30', 'не стер', '2018-07-05 22:35:49'),
('8', 'Улан', 'соб', 'аляскинский маламут', 'кобель', '2015-09-09', 'стер', '2018-07-15 22:54:33'),
('61', 'Зара', 'соб', 'кавалер-кинг-чарльз-спаниель', 'сука', '2019-12-27', 'не стер', '2018-07-30 14:37:27'),
('45', 'Валенсия', 'кош', 'европейская короткошерстная кошка', 'кошка', '2018-03-13', 'не стер', '2018-08-04 20:38:04'),
('54', 'Краска', 'кош', 'сиамская кошка', 'кошка', '2016-01-05', 'стер', '2018-09-24 15:52:25'),
('93', 'Елка', 'кош', 'ориентальная кошка', 'кошка', '2021-12-16', 'не стер', '2018-11-12 14:15:00'),
('60', 'Эйприл', 'кош', 'персидская кошка', 'кошка', '2011-12-02', 'не стер', '2018-11-25 11:59:51'),
('9', 'Кайли', 'соб', 'английский мастиф', 'сука', '2023-05-16', 'стер', '2018-12-20 11:51:42'),
('91', 'Ворсинка', 'кош', 'балинезийская кошка', 'кошка', '2012-01-09', 'не стер', '2019-01-06 11:46:55'),
('21', 'Уитни', 'соб', 'немецкий пинчер', 'сука', '2017-12-15', 'не стер', '2019-03-10 17:44:26'),
('84', 'Абрикос', 'кош', 'европейская короткошерстная кошка', 'кот', '2022-03-15', 'не стер', '2019-03-15 21:28:21'),
('23', 'Снежинка', 'соб', 'тибетский мастиф', 'сука', '2017-04-21', 'не стер', '2019-04-17 15:42:10'),
('7', 'Циния', 'соб', 'карело-финская лайка', 'сука', '2012-06-14', 'стер', '2019-04-17 20:31:00'),
('55', 'Верея', 'соб', 'американский кокер-спаниель', 'сука', '2016-11-11', 'не стер', '2019-07-17 17:33:00'),
('13', 'Байрон', 'кош', 'ашера', 'кот', '2023-08-12', 'не стер', '2019-08-25 13:25:16'),
('18', 'Айрис', 'кош', 'рагамаффин', 'кошка', '2020-07-09', 'не стер', '2019-08-28 22:21:36'),
('89', 'Текила', 'кош', 'гималайская кошка', 'кошка', '2021-07-09', 'стер', '2019-08-30 16:18:20'),
('1', 'Плинтус', 'кош', 'меконгский бобтейл', 'кот', '2019-10-01', 'стер', '2019-09-06 19:04:02'),
('28', 'Диана', 'кош', 'селкирк-рекс', 'кошка', '2020-11-13', 'не стер', '2019-09-14 14:37:27'),
('91', 'Каспер', 'кош', 'пиксибоб', 'кот', '2021-11-06', 'стер', '2019-09-28 15:56:42'),
('83', 'Пила', 'соб', 'пиренейская горная собака', 'сука', '2023-07-28', 'стер', '2019-11-06 10:29:15'),
('99', 'Дымок', 'кош', 'пиксибоб', 'кот', '2013-01-10', 'стер', '2019-12-14 16:06:16'),
('41', 'Гудини', 'кош', 'японский бобтейл', 'кот', '2020-01-09', 'не стер', '2019-12-19 20:37:14'),
('97', 'Брусника', 'кош', 'селкирк-рекс', 'кошка', '2020-10-20', 'не стер', '2019-12-27 21:18:28'),
('62', 'Ива', 'соб', 'папильон', 'сука', '2016-11-15', 'не стер', '2020-01-03 10:56:51'),
('55', 'Юнур', 'соб', 'салюки', 'кобель', '2023-07-06', 'стер', '2020-01-14 22:40:58'),
('31', 'Ярый', 'соб', 'эстонская гончая', 'кобель', '2017-02-18', 'стер', '2020-01-22 13:51:33'),
('57', 'Офелия', 'кош', 'сиамская кошка', 'кошка', '2022-11-14', 'стер', '2020-02-01 12:15:27'),
('90', 'Пенелопа', 'соб', 'бурбуль', 'сука', '2014-05-26', 'не стер', '2020-02-02 18:29:56'),
('7', 'Блэки', 'кош', 'персидская кошка', 'кошка', '2012-02-03', 'стер', '2020-02-16 22:57:05'),
('96', 'Гарфилд', 'кош', 'канадский сфинкс', 'кот', '2019-02-11', 'стер', '2020-02-19 13:28:26'),
('59', 'Живчик', 'соб', 'русская гончая', 'кобель', '2012-09-02', 'стер', '2020-03-09 12:20:52'),
('80', 'Индия', 'кош', 'мейн-кун', 'кошка', '2020-06-23', 'стер', '2020-04-22 21:51:25'),
('22', 'Тень', 'кош', 'эльф', 'кошка', '2018-03-21', 'не стер', '2020-04-25 10:52:09'),
('39', 'Рокки', 'кош', 'скукум', 'кот', '2010-09-04', 'стер', '2020-06-10 20:59:57'),
('60', 'Черри', 'соб', 'бультерьер', 'сука', '2019-04-03', 'не стер', '2020-06-23 13:16:32'),
('4', 'Барби', 'соб', 'гампр', 'сука', '2016-10-14', 'стер', '2020-06-26 18:56:18'),
('37', 'Флавия', 'соб', 'американский стаффордширский терьер', 'сука', '2020-08-20', 'стер', '2020-07-12 17:31:12'),
('76', 'Бисквит', 'кош', 'рагамаффин', 'кот', '2022-05-24', 'стер', '2020-07-16 16:43:38'),
('94', 'Дар', 'соб', 'русско-европейская лайка', 'кобель', '2020-04-04', 'стер', '2020-08-13 10:14:05'),
('32', 'Смайл', 'соб', 'аффенпинчер', 'кобель', '2016-01-08', 'не стер', '2020-11-03 20:25:36'),
('39', 'Багира', 'кош', 'гималайская кошка', 'кошка', '2014-04-25', 'не стер', '2020-11-17 20:25:25'),
('9', 'Бантик', 'соб', 'ши-тцу', 'кобель', '2022-01-03', 'стер', '2020-11-29 15:55:41'),
('94', 'Ночка', 'соб', 'чихуахуа', 'сука', '2014-06-08', 'не стер', '2020-12-07 21:13:22'),
('55', 'Леопольд', 'кош', 'чаузи', 'кот', '2013-11-09', 'не стер', '2020-12-23 13:29:36'),
('64', 'Крисмас', 'кош', 'гималайская кошка', 'кот', '2016-11-10', 'стер', '2021-01-21 10:31:40'),
('73', 'Мэй', 'соб', 'бриар', 'сука', '2010-05-23', 'стер', '2021-05-19 22:46:26'),
('49', 'Ватсон', 'кош', 'абиссинская кошка', 'кот', '2014-10-25', 'стер', '2021-05-21 19:57:07'),
('38', 'Перри', 'соб', 'лабрадор-ретривер', 'кобель', '2018-11-18', 'стер', '2021-05-30 19:07:47'),
('3', 'Нарцисс', 'кош', 'чаузи', 'кот', '2011-12-03', 'не стер', '2021-06-11 22:12:46'),
('7', 'Тиффани', 'кош', 'шантильи-тиффани', 'кошка', '2017-07-04', 'стер', '2021-06-19 18:00:46'),
('48', 'Джой', 'соб', 'вельштерьер', 'кобель', '2018-11-13', 'стер', '2021-06-30 14:47:23'),
('73', 'Виски', 'кош', 'хайленд-фолд', 'кошка', '2015-07-13', 'стер', '2021-08-07 22:37:43'),
('84', 'Табби', 'кош', 'шотландская вислоухая кошка', 'кот', '2019-04-16', 'не стер', '2021-08-15 20:19:02'),
('30', 'Дора', 'соб', 'неаполитанский мастиф', 'сука', '2019-03-24', 'не стер', '2021-09-02 19:01:53'),
('22', 'Измир', 'кош', 'японский бобтейл', 'кот', '2016-03-14', 'стер', '2021-09-16 22:01:20'),
('49', 'Ёлка', 'соб', 'американский голый терьер', 'сука', '2022-12-18', 'не стер', '2021-09-29 12:55:56'),
('93', 'Чарли', 'кош', 'абиссинская кошка', 'кот', '2017-09-24', 'не стер', '2021-11-02 16:51:43'),
('31', 'Базилио', 'кош', 'гималайская кошка', 'кот', '2012-04-28', 'стер', '2021-12-07 10:15:58'),
('87', 'Прайд', 'соб', 'бассет-хаунд', 'кобель', '2010-04-28', 'стер', '2021-12-11 16:28:07'),
('48', 'Фекла', 'соб', 'американский бульдог', 'сука', '2022-03-07', 'не стер', '2021-12-22 21:57:03'),
('80', 'Тина', 'соб', 'бельгийская овчарка', 'сука', '2011-12-19', 'не стер', '2021-12-28 17:47:31'),
('3', 'Лунтик', 'соб', 'русская гончая', 'кобель', '2016-03-02', 'стер', '2022-01-27 21:04:36'),
('33', 'Ангел', 'соб', 'мальтипу', 'кобель', '2013-04-27', 'стер', '2022-02-13 21:59:12'),
('82', 'Атос', 'кош', 'сингапурская кошка', 'кот', '2019-02-19', 'стер', '2022-02-14 14:00:46'),
('38', 'Живка', 'соб', 'бельгийский грифон', 'сука', '2022-01-26', 'стер', '2022-02-20 18:58:20'),
('69', 'Платон', 'соб', 'тайский риджбек', 'кобель', '2012-07-02', 'не стер', '2022-02-24 13:46:25'),
('50', 'Эйприл', 'кош', 'турецкий ван', 'кошка', '2014-09-05', 'не стер', '2022-03-09 11:16:39'),
('34', 'Златан', 'кош', 'египетская мау', 'кот', '2021-10-01', 'стер', '2022-05-11 21:02:26'),
('24', 'Клеопатра', 'кош', 'шартрез', 'кошка', '2012-05-08', 'стер', '2022-05-31 16:29:51'),
('64', 'Саванна', 'соб', 'левретка', 'сука', '2015-08-29', 'не стер', '2022-06-22 16:20:28'),
('64', 'Багира', 'кош', 'немецкий рекс', 'кошка', '2018-05-22', 'стер', '2022-08-07 16:07:23'),
('15', 'Кент', 'соб', 'чихуахуа', 'кобель', '2011-03-24', 'стер', '2022-08-10 17:54:32'),
('29', 'Плинтус', 'кош', 'турецкий ван', 'кот', '2011-05-08', 'не стер', '2022-09-06 17:24:06'),
('81', 'Эйприл', 'кош', 'пиксибоб', 'кошка', '2021-04-16', 'стер', '2022-09-11 17:45:37'),
('85', 'Марсель', 'соб', 'белая швейцарская овчарка', 'кобель', '2017-10-24', 'стер', '2022-09-19 20:42:39'),
('48', 'Веня', 'соб', 'норвич-терьер', 'кобель', '2020-03-13', 'не стер', '2022-09-19 21:56:28'),
('58', 'Хорт', 'соб', 'далматин', 'кобель', '2018-10-14', 'не стер', '2022-09-25 18:06:02'),
('97', 'Гарфилд', 'кош', 'сибирская кошка', 'кот', '2018-06-16', 'стер', '2022-10-22 21:57:06'),
('10', 'Лютик', 'соб', 'пти-брабансон', 'кобель', '2015-11-28', 'стер', '2022-11-06 16:15:29'),
('54', 'Бэлла', 'соб', 'китайская хохлатая собака', 'сука', '2013-06-09', 'стер', '2022-12-09 22:46:35'),
('95', 'Цирцея', 'соб', 'мопс', 'сука', '2011-05-07', 'стер', '2023-01-14 19:08:44'),
('75', 'Отрада', 'соб', 'гампр', 'сука', '2012-02-04', 'не стер', '2023-01-15 10:42:43'),
('70', 'Зейден', 'соб', 'бриар', 'кобель', '2013-02-14', 'не стер', '2023-01-22 16:54:56'),
('17', 'Цельсий', 'кош', 'петерболд', 'кот', '2023-04-24', 'стер', '2023-02-05 15:49:42'),
('15', 'Ричард', 'соб', 'скотч-терьер', 'кобель', '2012-05-24', 'стер', '2023-04-05 16:37:37'),
('63', 'Флинт', 'соб', 'йоркширский терьер', 'кобель', '2021-12-05', 'стер', '2023-05-06 21:37:28'),
('49', 'Васаби', 'кош', 'сибирская кошка', 'кот', '2015-02-05', 'стер', '2023-05-09 18:08:13'),
('63', 'Астра', 'кош', 'ашера', 'кошка', '2022-01-01', 'не стер', '2023-06-27 13:10:54'),
('37', 'Гудини', 'кош', 'невская маскарадная кошка', 'кот', '2012-03-08', 'стер', '2023-07-24 13:25:07'),
('46', 'Ямайка', 'кош', 'пиксибоб', 'кошка', '2015-10-18', 'не стер', '2023-09-03 11:58:53'),
('63', 'Айрис', 'кош', 'американская короткошерстная кошка', 'кошка', '2017-03-03', 'не стер', '2023-09-11 20:39:36'),
('40', 'Ларсик', 'соб', 'дратхаар', 'кобель', '2016-01-20', 'стер', '2023-10-09 15:56:07'),
('75', 'Бусинка', 'кош', 'турецкая ангора', 'кошка', '2018-11-04', 'не стер', '2023-10-10 19:10:50'),
('37', 'Френд', 'соб', 'бладхаунд', 'кобель', '2016-12-19', 'не стер', '2023-10-27 14:58:13');

INSERT INTO `diagnos`
(animal_id, name, created_at)
VALUES
('1', 'пиелонефрит', '2019-10-02 10:16:52'),
('2', 'листовидная пузырчатка', '2023-12-28 16:03:16'),
('3', 'мочевого пузыря разрыв', '2018-01-20 14:01:02'),
('4', 'увеит', '2018-05-30 22:08:43'),
('5', 'гиперпаротиреоз', '2018-05-28 15:18:24'),
('6', 'синдром кушинга', '2022-10-27 10:07:11'),
('7', 'кератоз', '2019-09-24 19:05:31'),
('8', 'лейомиома', '2020-11-25 18:36:49'),
('9', 'гингивит', '2022-11-05 20:45:56'),
('10', 'эктопическая ресница', '2023-04-02 19:55:35'),
('11', 'фолликулит', '2020-08-17 11:55:58'),
('12', 'холецистит', '2023-03-17 20:46:33'),
('13', 'перлом  носовой раковины', '2020-10-06 13:59:46'),
('14', 'лимфома', '2018-02-15 11:17:17'),
('15', 'отодектоз', '2022-01-12 12:32:36'),
('16', 'гиперандрогенизм', '2019-03-03 14:07:39'),
('17', 'периапикальная киста', '2023-04-10 17:26:37'),
('18', 'дилатация правого предсердия', '2022-05-12 22:35:03'),
('19', 'коллапс трахеи', '2018-03-20 12:45:00'),
('20', 'атопия', '2020-07-03 12:42:07'),
('21', 'кахексия', '2021-05-22 17:52:53'),
('22', 'кератоз', '2021-05-20 16:46:13'),
('23', 'гиперплазия мягкого неба', '2021-09-03 19:43:19'),
('24', 'пищевая токсикоинфекция', '2021-05-22 18:44:41'),
('25', 'гипоплазия эмали', '2018-08-25 17:41:58'),
('26', 'артрит', '2023-08-17 14:26:02'),
('27', 'множественные хрящевые экзостозы', '2020-07-24 20:18:56'),
('28', 'эутаназия', '2019-08-24 13:36:37'),
('29', 'внутреннее кровотечение', '2023-10-13 20:15:55'),
('30', 'перелом', '2022-02-21 12:12:03'),
('31', 'реакция раздражения', '2022-06-15 12:04:23'),
('32', 'дерматоз краев ушных раковин', '2022-12-10 17:09:50'),
('33', 'синдром кушинга', '2023-01-21 10:21:10'),
('34', 'абиотрофия мозжечка', '2018-03-26 15:52:56'),
('35', 'синдром кушинга', '2022-03-09 13:11:18'),
('36', 'меланома', '2023-11-28 19:54:07'),
('37', 'миллиарный дерматит', '2018-06-14 13:45:44'),
('38', 'лептоспироз', '2021-09-26 14:30:46'),
('39', 'паннус', '2022-07-18 12:54:14'),
('40', 'рана рубленая', '2018-11-21 11:13:30'),
('41', 'прибылой палец', '2023-07-28 17:20:05'),
('42', 'вирусная инфекция', '2022-06-05 17:41:58'),
('43', 'дермоидная киста', '2023-08-21 18:34:46'),
('44', 'эпилепсия', '2022-07-29 21:40:12'),
('45', 'некроз пульпы зуба', '2021-07-28 15:43:40'),
('46', 'вывих', '2021-10-22 22:42:11'),
('47', 'разрыв мочевого пузыря', '2020-12-22 11:41:30'),
('48', 'гиперплазия десны', '2023-10-02 20:55:36'),
('49', 'атрофия радужной оболочки', '2020-09-01 12:33:19'),
('50', 'трихомониаз', '2021-05-16 18:39:09'),
('51', 'диафрагмльная грыжа', '2018-12-21 13:08:40'),
('52', 'инородное тело жкт', '2020-01-20 22:30:28'),
('53', 'эзофагит', '2023-09-12 22:01:11'),
('54', 'дистрофия радужной оболочки', '2022-04-08 20:24:34'),
('55', 'фарингит', '2018-04-26 22:08:53'),
('56', 'мочекаменная болезнь', '2021-09-27 19:49:06'),
('57', 'коагулопатия', '2021-05-02 12:02:45'),
('58', 'актинический дерматит', '2022-04-28 12:58:11'),
('59', 'фрагментация', '2023-10-15 20:31:10'),
('60', 'парвовирусный энтерит', '2023-05-09 10:07:38'),
('61', 'внутреннее кровотечение', '2023-09-21 18:28:58'),
('62', 'авульсия корешков плечевого сплетения', '2022-12-19 22:52:21'),
('63', 'грыжа диафрагмальная', '2021-10-31 21:45:26'),
('64', 'термический ожог', '2018-02-01 17:12:55'),
('65', 'трахеобронхит', '2018-05-05 20:20:47'),
('66', 'гипоплазия эмали', '2022-06-08 22:31:27'),
('67', 'дископатия', '2023-03-15 13:22:22'),
('68', 'внутрипеченочный шунт', '2020-05-16 22:55:45'),
('69', 'мастопатия', '2023-04-11 20:52:59'),
('70', 'церуминозный отит', '2021-10-08 16:30:46'),
('71', 'неврологический дефицит', '2019-02-25 17:50:23'),
('72', 'подвывих', '2018-02-04 14:13:55'),
('73', 'недостаточность трикуспидального клапана', '2021-08-15 10:47:13'),
('74', 'кахексия', '2020-01-30 20:49:48'),
('75', 'дерматит межпальцевый', '2021-01-17 11:46:21'),
('76', 'позвоночника перелом', '2020-04-04 18:26:47'),
('77', 'эвентерация органов брюшной полости', '2020-03-20 13:35:31'),
('78', 'пневмоторакс', '2023-12-12 11:15:33'),
('79', 'тосоплазмоз', '2018-07-25 16:01:13'),
('80', 'начальный эндокардиоз', '2018-10-09 20:29:39'),
('81', 'асцит', '2020-05-24 22:51:51'),
('82', 'миелопатия', '2019-07-25 13:02:51'),
('83', 'стеноз ноздрей', '2019-09-28 22:00:47'),
('84', 'гингивит', '2022-05-05 21:58:03'),
('85', 'дерматит', '2019-10-01 19:33:47'),
('86', 'перикардиальный выпот', '2018-11-16 14:04:53'),
('87', 'гастроэнтерит', '2023-01-29 13:01:09'),
('88', 'отек мягких тканей', '2020-01-08 17:51:02'),
('89', 'фруктокиназы дефицит', '2019-04-08 18:30:24'),
('90', 'ихтиоз', '2018-06-20 19:26:55'),
('91', 'спондил', '2022-06-19 22:22:26'),
('92', 'ожог', '2023-02-10 16:38:53'),
('93', 'гемоплазмоз', '2022-08-31 10:58:50'),
('94', 'икроножная энтезиопатия', '2020-11-11 12:08:46'),
('95', 'рассекающий остеохондрит', '2023-09-23 19:16:55'),
('96', 'дакриолит', '2021-08-31 22:25:21'),
('97', 'трихомониаз', '2019-08-03 13:00:43'),
('98', 'разрыв латеральных коллатеральных связок', '2018-12-28 12:21:17'),
('99', 'грыжа межпозвоночного диска', '2019-10-24 16:23:58'),
('100', 'угнулярная деформация тазовых конечностей', '2023-12-23 12:29:52');

INSERT INTO `therapy`
(animal_id, name, price, created_at)
VALUES
('78', 'приём онколога', '1500', '2021-05-27 10:58:39'),
('55', 'приём реабилитолога', '1500', '2020-03-04 13:57:55'),
('65', 'приём кардиолога', '1500', '2020-06-19 21:15:55'),
('62', 'приём нефролога', '2000', '2020-01-30 18:53:07'),
('68', 'приём онколога', '1500', '2018-05-27 14:27:56'),
('95', 'приём нефролога', '2000', '2018-07-11 17:22:57'),
('97', 'приём нефролога', '1000', '2018-10-23 12:36:30'),
('95', 'приём нефролога', '2000', '2019-10-09 21:12:28'),
('18', 'приём эндокринолога', '2000', '2023-12-02 18:53:48'),
('55', 'приём дерматолога', '1500', '2019-05-22 20:17:40'),
('47', 'приём хирурга', '1000', '2022-06-17 21:35:08'),
('10', 'приём дерматолога', '1500', '2019-10-02 17:00:36'),
('11', 'приём стоматолога', '2000', '2022-04-23 12:15:49'),
('67', 'приём офтальмолога', '2000', '2019-09-19 15:45:44'),
('54', 'приём врача эндоскопии', '1000', '2019-08-07 15:36:35'),
('48', 'приём нефролога', '2000', '2018-08-12 11:07:24'),
('92', 'приём онколога', '1500', '2019-09-11 14:54:37'),
('17', 'приём кардиолога', '1000', '2018-10-24 11:04:25'),
('1', 'приём ортопед-травматолога', '1500', '2018-02-14 14:03:48'),
('18', 'приём офтальмолога', '1500', '2019-11-14 14:19:33'),
('72', 'приём дерматолога', '1500', '2023-03-20 18:28:28'),
('64', 'приём терапевта', '2000', '2021-08-08 19:06:56'),
('42', 'приём терапевта', '1500', '2019-02-23 19:42:17'),
('27', 'приём врача эндоскопии', '1500', '2023-09-04 12:07:51'),
('61', 'приём онколога', '2000', '2022-10-17 22:58:03'),
('68', 'приём хирурга', '2000', '2021-01-08 22:33:33'),
('94', 'приём реабилитолога', '2000', '2020-08-14 21:48:44'),
('18', 'приём ортопед-травматолога', '2000', '2018-05-10 20:10:35'),
('21', 'приём онколога', '1500', '2020-07-17 11:52:44'),
('39', 'приём нефролога', '2000', '2018-10-02 21:18:15'),
('50', 'приём кардиолога', '1500', '2022-08-09 10:03:56'),
('87', 'приём невролога', '2000', '2019-03-12 17:22:42'),
('14', 'приём врача эндоскопии', '1000', '2018-10-23 15:12:12'),
('64', 'приём дерматолога', '1500', '2019-05-31 16:29:16'),
('52', 'приём невролога', '1000', '2018-08-25 14:54:21'),
('33', 'приём онколога', '1000', '2021-06-21 16:44:41'),
('6', 'приём офтальмолога', '2000', '2020-11-09 14:55:30'),
('63', 'приём репродуктолога', '2000', '2022-05-21 13:14:37'),
('91', 'приём врача мягкотканой хирургии', '2000', '2019-07-02 13:29:19'),
('9', 'приём нефролога', '2000', '2020-08-04 18:05:05'),
('81', 'приём терапевта', '1500', '2022-07-20 15:37:23'),
('59', 'приём офтальмолога', '1000', '2018-09-18 17:16:43'),
('83', 'приём дерматолога', '1500', '2023-11-24 12:18:17'),
('49', 'приём невролога', '2000', '2019-06-16 13:33:52'),
('61', 'приём ортопед-травматолога', '2000', '2022-07-29 16:18:17'),
('67', 'приём эндокринолога', '1000', '2018-07-13 17:40:15'),
('52', 'приём кардиолога', '2000', '2020-12-15 21:32:57'),
('89', 'приём хирурга', '1000', '2023-10-26 14:56:14'),
('61', 'приём эндокринолога', '2000', '2022-09-16 20:22:30'),
('62', 'приём эндокринолога', '2000', '2023-12-12 18:59:59'),
('49', 'приём дерматолога', '1500', '2022-08-15 14:03:01'),
('94', 'приём хирурга', '1500', '2019-09-19 14:49:54'),
('81', 'приём реабилитолога', '1500', '2023-01-13 20:29:08'),
('86', 'приём нефролога', '1000', '2021-10-05 18:15:42'),
('50', 'приём репродуктолога', '1000', '2020-12-01 10:11:04'),
('79', 'приём онколога', '1000', '2018-09-13 12:38:48'),
('77', 'приём стоматолога', '2000', '2022-06-08 20:10:32'),
('37', 'приём репродуктолога', '2000', '2018-08-17 10:15:52'),
('53', 'приём хирурга', '1500', '2019-10-02 17:40:01'),
('41', 'приём эндокринолога', '2000', '2019-02-12 13:09:20'),
('22', 'приём хирурга', '1000', '2021-06-22 17:01:10'),
('90', 'приём кардиолога', '2000', '2021-05-06 11:21:02'),
('13', 'приём реабилитолога', '2000', '2023-06-03 16:21:10'),
('47', 'приём стоматолога', '2000', '2022-03-22 12:11:07'),
('49', 'приём терапевта', '2000', '2023-08-26 17:02:55'),
('5', 'приём дерматолога', '1500', '2023-06-05 15:15:48'),
('16', 'приём терапевта', '1500', '2019-04-08 10:25:01'),
('16', 'приём ортопед-травматолога', '2000', '2019-01-28 18:25:05'),
('86', 'приём невролога', '1000', '2019-03-05 19:43:24'),
('95', 'приём реабилитолога', '2000', '2023-12-16 17:48:22'),
('19', 'приём эндокринолога', '1500', '2018-03-08 12:15:33'),
('58', 'приём реабилитолога', '1500', '2019-09-06 14:41:01'),
('67', 'приём врача эндоскопии', '2000', '2023-07-16 10:58:19'),
('60', 'приём ортопед-травматолога', '2000', '2018-12-31 16:34:18'),
('71', 'приём реабилитолога', '2000', '2021-04-13 17:14:49'),
('57', 'приём хирурга', '2000', '2018-03-09 12:14:00'),
('43', 'приём репродуктолога', '1500', '2023-05-07 19:05:22'),
('51', 'приём стоматолога', '1500', '2019-05-23 20:51:44'),
('30', 'приём нефролога', '2000', '2018-01-06 16:26:14'),
('35', 'приём репродуктолога', '2000', '2019-06-29 19:15:23');

INSERT INTO `surgery`
(animal_id, name, price, created_at)
VALUES
('15', 'ринопластика', '44900', '2019-08-23 10:11:29'),
('20', 'герниотомия', '31700', '2020-09-13 21:41:41'),
('74', 'блефаропластика', '35600', '2018-10-15 21:53:30'),
('21', 'пластика препуция', '43400', '2020-08-11 21:14:08'),
('12', 'биопсия костного мозга', '29600', '2021-12-14 10:58:32'),
('37', 'тонкоигольная биопсия', '38600', '2023-07-19 19:01:07'),
('85', 'аспирация содержимого при гематоменаложение иммобилизирующей повязки', '37700', '2023-12-28 14:02:05'),
('64', 'трахеостома постоянная', '4100', '2019-10-19 21:56:02'),
('94', 'удаление новообразований мягких тканей', '12800', '2019-06-17 13:10:21'),
('6', 'операции на конечностях', '4400', '2021-08-23 18:52:29'),
('61', 'купирование ушной раковины', '33200', '2023-06-01 11:02:22'),
('71', 'тонкоигольная биопсия', '43700', '2021-07-15 15:29:40'),
('95', 'удаление параанальных желез', '9200', '2020-07-31 18:30:51'),
('93', 'хирургическая обработка раны', '45800', '2023-06-26 14:20:54'),
('41', 'биопсия костного мозга', '32000', '2021-01-20 13:19:44'),
('77', 'латерализация черпаловидных хрящей', '47600', '2020-10-03 12:41:41'),
('40', 'трахеостома постоянная', '28400', '2022-07-08 21:04:44'),
('52', 'удаление новообразований слухового прохода', '21200', '2021-04-15 20:09:02'),
('29', 'пластика неба', '2300', '2019-12-13 22:51:51'),
('64', 'вправление вывиха глазного яблока', '43400', '2018-11-28 10:52:08'),
('8', 'тонкоигольная биопсия', '42500', '2022-01-30 17:04:02'),
('31', 'забор гистологического материала', '17600', '2021-07-09 22:51:54'),
('56', 'хирургическое лечение перинеальной грыжи', '29900', '2023-08-15 21:36:40'),
('40', 'трахеостома временная', '26900', '2021-11-08 16:55:35'),
('78', 'удаление новообразования щитовидной железы', '38900', '2023-03-04 14:55:44'),
('38', 'биопсия костного мозга', '44600', '2022-12-28 16:32:55'),
('56', 'удаление новообразований мягких тканей', '2900', '2022-04-08 17:27:02'),
('84', 'тонкоигольная биопсия', '7700', '2019-12-16 21:16:40'),
('71', 'удаление прибылых пальцев', '14600', '2022-09-21 16:46:32'),
('44', 'хирургическое лечение перинеальной грыжи', '32000', '2020-09-21 12:22:14'),
('87', 'трахеотомия', '33800', '2021-07-03 18:57:18'),
('56', 'биопсия', '3200', '2023-05-13 17:40:48'),
('26', 'мастэктомия', '8000', '2023-10-08 20:10:17'),
('33', 'удаление чипа', '32300', '2021-11-30 14:47:28'),
('73', 'хирургическое лечение перинеальной грыжи', '36800', '2022-01-30 21:59:04'),
('38', 'промывание носослёзных каналов', '39800', '2020-05-09 18:12:48'),
('61', 'операции на органах половой системы', '49100', '2019-07-11 20:01:17'),
('27', 'удаление параанальных желез', '26300', '2021-01-18 18:13:00'),
('32', 'пластика кожи', '5300', '2018-05-31 17:18:51'),
('15', 'герниотомия', '40400', '2022-01-12 18:16:24'),
('70', 'биопсия костного мозга', '10400', '2019-11-06 18:00:40'),
('70', 'хирургическая обработка раны', '39200', '2019-12-01 13:12:35'),
('86', 'забор гистологического материала', '35600', '2021-12-25 20:03:08'),
('21', 'удаление новообразования щитовидной железы', '9500', '2022-08-27 17:22:20'),
('78', 'аспирация содержимого при гематоменаложение иммобилизирующей повязки', '28100', '2021-07-16 19:36:27'),
('69', 'удаление прибылых пальцев', '21800', '2020-11-10 11:35:51'),
('52', 'ринопластика', '42800', '2018-06-09 18:28:07'),
('22', 'купирование ушной раковины', '19700', '2019-12-04 12:16:09'),
('64', 'хирургическое лечение перинеальной грыжи', '41000', '2019-07-29 10:49:09'),
('11', 'тонкоигольная биопсия', '46100', '2018-01-28 10:21:31');

INSERT INTO `procedures`
(animal_id, name, price, created_at)
VALUES
('69', 'перевязка', '200', '2021-08-20 16:48:54'),
('99', 'взятие крови', '400', '2020-06-17 14:28:48'),
('19', 'чипирование животных', '200', '2018-06-13 16:41:43'),
('53', 'инъекция внутривенная ', '800', '2020-03-18 15:24:33'),
('73', 'промывание мочевого пузыря', '600', '2022-06-16 11:03:34'),
('47', 'взятие крови для переливания', '200', '2022-06-21 21:39:34'),
('52', 'блокада ушной раковины ', '800', '2023-01-12 19:49:21'),
('93', 'cнятие швов', '600', '2020-06-17 20:23:06'),
('68', 'отведение мочи массажем', '600', '2018-06-12 20:24:44'),
('20', 'блокада инфильтрационная', '200', '2022-04-07 20:31:17'),
('87', 'инъекция подкожная', '200', '2019-10-31 17:37:27'),
('28', 'вакцинация', '800', '2020-01-25 11:22:35'),
('44', 'взятие материалов', '600', '2019-08-12 10:51:33'),
('68', 'блокада ушной раковины ', '600', '2021-04-06 21:34:04'),
('24', 'снятие мочевого катетера', '600', '2020-10-08 10:21:18'),
('44', 'взятие крови', '800', '2018-12-09 14:20:46'),
('63', 'взятие материалов', '200', '2019-10-20 22:17:36'),
('4', 'инъекция  внутрикостная', '800', '2021-01-06 15:13:05'),
('63', 'инъекция подкожная', '600', '2019-02-04 12:44:55'),
('37', 'снятие внутривенного катетера', '200', '2020-03-08 13:45:32'),
('10', 'обрезка когтей животным', '600', '2020-05-05 14:48:11'),
('63', 'взятие материалов', '200', '2022-09-10 14:17:30'),
('90', 'инъекция  внутрикостная', '600', '2023-02-10 18:40:07'),
('84', 'отведение мочи массажем', '400', '2022-03-26 12:43:22'),
('98', 'блокада инфильтрационная', '600', '2021-04-08 10:51:25'),
('1', 'постановка внутривенного катетера', '400', '2019-04-24 12:53:47'),
('100', 'обработка кожи', '400', '2019-10-20 21:12:27'),
('33', 'ректальное введение препаратов', '200', '2019-04-19 21:43:09'),
('76', 'пероральное введение препаратов', '400', '2022-08-14 13:18:49'),
('61', 'взятие крови для переливания', '600', '2020-06-24 15:04:59'),
('59', 'отведение мочи массажем', '800', '2020-12-12 18:49:11'),
('10', 'наружное нанесение препаратов', '400', '2023-12-09 17:16:09'),
('24', 'cнятие швов', '400', '2020-12-17 12:37:42'),
('92', 'обработка кожи', '600', '2021-07-27 14:31:39'),
('50', 'ректальное введение препаратов', '800', '2021-11-02 22:24:44'),
('19', 'вакцинация', '800', '2018-05-05 12:02:26'),
('16', 'промывание желудка', '800', '2022-02-20 14:20:26'),
('81', 'вакцинация', '200', '2023-11-17 11:35:33'),
('67', 'пероральное введение препаратов', '400', '2021-05-05 17:18:20'),
('58', 'взятие материалов', '200', '2022-08-04 11:40:36'),
('55', 'инъекция внутримышечная', '200', '2021-07-27 13:54:30'),
('97', 'отведение мочи массажем', '800', '2018-07-28 14:06:05'),
('36', 'термометрия', '600', '2023-11-23 13:24:12'),
('21', 'снятие мочевого катетера', '200', '2022-10-24 13:35:01'),
('40', 'блокада инфильтрационная', '400', '2022-03-06 11:29:16'),
('60', 'обрезка когтей животным', '600', '2019-03-29 19:26:27'),
('100', 'инъекция внутримышечная', '800', '2023-05-31 16:05:49'),
('17', 'чипирование животных', '200', '2022-11-24 16:00:47'),
('30', 'внутривенное капельное вливание', '400', '2021-09-27 11:39:09'),
('100', 'cнятие швов', '400', '2020-04-28 21:33:04'),
('58', 'инъекция  внутрикостная', '400', '2020-01-12 18:33:54'),
('31', 'обрезка вросшего когтя', '400', '2018-03-10 20:29:14'),
('66', 'инъекция внутрисуставная', '200', '2018-07-19 21:38:04'),
('55', 'взятие крови', '800', '2021-05-03 10:59:59'),
('5', 'инъекция внутрисуставная', '600', '2022-04-06 15:18:20'),
('71', 'инъекция внутривенная ', '600', '2022-05-14 15:39:51'),
('31', 'вакцинация', '800', '2022-03-03 10:52:00'),
('77', 'отведение мочи массажем', '200', '2022-06-18 21:34:10'),
('19', 'взятие крови', '200', '2018-08-14 13:48:50'),
('68', 'промывание мочевого пузыря', '200', '2022-09-20 16:59:04'),
('75', 'вакцинация', '600', '2023-01-28 14:25:41'),
('23', 'внутривенное капельное вливание', '600', '2021-06-30 19:14:52'),
('93', 'инъекция  внутрикостная', '200', '2022-11-19 17:41:10'),
('34', 'чипирование животных', '600', '2018-06-04 14:37:25'),
('46', 'отведение мочи массажем', '400', '2021-05-27 22:45:12'),
('84', 'промывание желудка', '800', '2019-05-26 15:23:04'),
('11', 'инъекция внутривенная ', '200', '2021-05-11 18:00:32'),
('100', 'инъекция внутримышечная', '800', '2022-08-11 11:12:41'),
('1', 'ректальное введение препаратов', '400', '2020-08-22 12:30:49'),
('37', 'инъекция внутрисуставная', '800', '2021-11-22 12:27:31'),
('46', 'блокада циркулярная', '400', '2021-03-30 15:26:26'),
('25', 'ректальное введение препаратов', '600', '2019-03-15 15:00:05'),
('13', 'инъекция внутрисуставная', '200', '2021-12-05 22:18:28'),
('38', 'обрезка вросшего когтя', '200', '2021-10-15 19:29:08'),
('47', 'инъекция подкожная', '200', '2020-06-03 12:23:20'),
('45', 'промывание желудка', '600', '2018-12-29 14:41:13'),
('8', 'пероральное введение препаратов', '600', '2020-05-28 13:43:38'),
('100', 'инъекция внутривенная ', '200', '2021-03-25 10:34:44'),
('38', 'cнятие швов', '800', '2022-08-22 14:05:02'),
('95', 'взятие крови для переливания', '200', '2023-05-08 13:57:20'),
('47', 'снятие мочевого катетера', '800', '2021-04-05 15:48:13'),
('31', 'инъекция внутривенная ', '400', '2019-07-04 11:07:35'),
('71', 'снятие внутривенного катетера', '400', '2021-04-20 15:58:21'),
('31', 'снятие мочевого катетера', '400', '2022-12-08 18:07:58'),
('88', 'взятие крови для переливания', '800', '2023-03-31 11:23:36'),
('27', 'обработка кожи', '200', '2019-03-12 16:10:11'),
('10', 'инъекция внутривенная ', '400', '2019-08-30 14:25:18'),
('84', 'переливание крови', '400', '2020-04-15 21:41:30'),
('17', 'катетеризация мочевого пузыря', '600', '2019-12-31 20:01:30'),
('84', 'обрезка вросшего когтя', '800', '2019-06-09 16:05:46'),
('95', 'блокада циркулярная', '600', '2020-01-10 17:46:05'),
('90', 'катетеризация мочевого пузыря', '400', '2023-09-24 10:52:32'),
('82', 'инъекция  внутриполостная', '600', '2021-07-22 20:05:45'),
('20', 'обрезка вросшего когтя', '800', '2018-07-11 21:38:02'),
('78', 'взятие крови для переливания', '600', '2021-12-11 16:04:48'),
('80', 'обрезка когтей животным', '400', '2023-06-17 14:32:25'),
('88', 'переливание крови', '800', '2018-05-18 16:16:00'),
('50', 'чипирование животных', '200', '2020-04-16 15:34:43'),
('42', 'снятие внутривенного катетера', '800', '2019-06-03 12:00:45'),
('13', 'блокада циркулярная', '200', '2020-02-11 19:47:48');

INSERT INTO `ultrasound`
(animal_id, name, price, created_at)
VALUES
('13', 'УЗИ мочевого пузыря', '2000', '2023-09-11 16:52:11'),
('96', 'УЗИ поджелудочной железы', '1000', '2021-10-27 13:50:20'),
('32', 'эхокардиограмма цветная', '2500', '2018-11-20 17:06:56'),
('24', 'УЗИ спинного мозга с допплерографией', '2000', '2019-07-25 19:23:53'),
('61', 'УЗИ головного мозга', '2000', '2023-11-14 12:12:34'),
('75', 'УЗИ печени', '2000', '2021-09-18 21:35:19'),
('81', 'УЗИ желчного пузыря', '2500', '2023-02-21 11:59:23'),
('12', 'УЗИ щитовидной железы', '1000', '2023-01-29 21:14:09'),
('12', 'УЗИ желудочно-кишечного тракта', '1000', '2020-02-10 18:25:09'),
('83', 'допплерография бедренных артерий', '2000', '2022-03-24 13:27:19'),
('42', 'УЗИ мочевого пузыря', '1500', '2022-04-30 21:04:42'),
('56', 'допплерография бедренных артерий', '2000', '2019-05-01 20:39:57'),
('73', 'эхокардиограмма цветная', '1000', '2023-09-11 11:14:12'),
('94', 'УЗИ органов брюшной полости', '2000', '2023-08-02 16:34:56'),
('61', 'эхокардиограмма импульсная', '2000', '2021-12-06 21:41:45'),
('26', 'УЗИ предстательной железы', '1500', '2023-10-28 13:47:34'),
('16', 'УЗИ головного мозга', '2000', '2019-01-20 16:20:42'),
('25', 'непрерывная допплерография', '1500', '2018-11-09 20:02:59'),
('67', 'допплерография бедренных артерий', '1500', '2022-06-26 22:23:01'),
('97', 'эхокардиограмма импульсная', '1000', '2019-10-03 13:05:57');

INSERT INTO `roentgen`
(animal_id, name, price, created_at)
VALUES
('46', 'ангиография венозная', '1500', '2020-07-09 13:11:56'),
('44', 'ангиография венозная', '1000', '2023-11-10 11:39:41'),
('55', 'обзорный снимок брюшной полости', '2500', '2023-12-05 12:51:20'),
('11', 'ангиография венозная', '2500', '2021-07-25 21:12:39'),
('52', 'рентгеноскопия акта глотания', '2500', '2022-11-04 19:56:32'),
('51', 'рентгеноскопия акта дыхания', '1000', '2019-06-26 13:57:03'),
('55', 'ретроградная цистография', '1000', '2018-12-11 12:55:47'),
('98', 'ретроградная цистография', '1500', '2023-05-17 19:27:06'),
('5', 'рентгеноскопия акта дыхания', '1500', '2023-10-25 16:19:18'),
('60', 'диагностика коллапса трахеи', '1000', '2021-08-09 10:33:44'),
('31', 'рентгеноскопия акта дыхания', '1500', '2020-11-17 15:00:02'),
('79', 'диагностика коллапса трахеи', '1000', '2023-03-18 19:08:56'),
('26', 'экскреторная цистография', '1000', '2022-02-21 17:22:57'),
('68', 'рентгеноскопия акта глотания', '2500', '2022-07-17 12:45:35'),
('74', 'ретроградная цистография', '2000', '2021-11-30 11:40:01'),
('50', 'экскреторная урография', '1000', '2021-02-06 13:29:24'),
('15', 'обзорный снимок грудной полости', '1500', '2018-07-17 13:51:21'),
('88', 'ангиография артериальная', '2000', '2023-11-22 15:05:59'),
('54', 'диагностика коллапса трахеи', '2500', '2020-05-26 20:10:19'),
('59', 'обзорный снимок грудной полости', '2000', '2021-01-03 19:22:49');

INSERT INTO `laboratory`
(animal_id, name, price, created_at)
VALUES
('83', 'определение фенобарбитала в сыворотке крови', '7800', '2019-11-01 19:12:06'),
('35', 'срочное цитологическое исследование', '6000', '2021-05-23 11:50:53'),
('22', 'исследование синовиальной жидкости', '3800', '2018-12-11 12:12:06'),
('70', 'диагностика гиардиоза', '2600', '2019-08-02 16:15:34'),
('83', 'исследование лейкоцитарной пленки', '5800', '2022-07-20 18:14:46'),
('31', 'ретикулоциты', '7800', '2022-05-11 10:55:36'),
('38', 'соотношение кортизол/креатинин в моче', '4200', '2018-10-21 19:26:09'),
('11', 'количество лейкоцитов', '2800', '2021-09-22 19:28:33'),
('93', 'соотношение кортизол/креатинин в моче', '4800', '2021-09-18 16:27:14'),
('45', 'количество тромбоцитов', '4600', '2020-03-04 21:49:29'),
('10', 'капиллярная кровь или лейкоцитарная пленка на кровепаразитов', '3000', '2018-06-21 11:06:02'),
('60', 'исследование перитонеальной жидкости', '6600', '2023-07-13 18:40:45'),
('45', 'цитология внутренних органов', '3400', '2023-05-01 12:15:34'),
('40', 'активированное частичное тромбопластиновое время', '6800', '2022-06-12 15:55:37'),
('44', 'определение белка в моче', '6000', '2018-05-10 21:39:17'),
('50', 'срочное цитологическое исследование', '4800', '2022-09-11 15:19:00'),
('41', 'исследование лейкоцитарной пленки', '4200', '2019-10-06 11:16:53'),
('64', 'диагностика гиардиоза', '4600', '2021-10-02 22:41:59'),
('58', 'клинический анализ мочи', '4800', '2022-02-28 13:39:36'),
('58', 'количество лейкоцитов', '2000', '2019-06-19 15:40:15'),
('22', 'тест толерантности к аммиаку', '5400', '2021-03-07 13:19:46'),
('6', 'ретикулоциты', '2000', '2018-06-10 12:09:30'),
('51', 'клинический анализ мочи', '4000', '2018-09-23 14:44:54'),
('4', 'исследование перикардиальной жидкости', '6800', '2021-08-27 17:17:42'),
('24', 'цитохимия', '7000', '2019-08-09 21:55:34'),
('1', 'исследование ликвора', '2600', '2021-10-25 11:05:07'),
('43', 'исследование перитонеальной жидкости', '5600', '2018-11-04 11:29:44'),
('16', 'диагностика гиардиоза', '7400', '2020-03-02 18:44:49'),
('43', 'цитология внутренних органов', '3800', '2019-12-17 20:50:31'),
('10', 'клинический анализ мочи', '5200', '2023-07-29 12:24:40'),
('14', 'исследование транстрахеального аспирата', '3600', '2019-05-08 11:44:18'),
('15', 'протромбиновое время', '6600', '2020-05-01 12:00:52'),
('81', 'исследование транстрахеального аспирата', '7600', '2023-05-29 10:00:01'),
('50', 'определение плотности мочи', '2800', '2018-04-17 22:58:47'),
('9', 'цитологическое исследование кала', '3200', '2020-12-12 15:57:41'),
('49', 'цитология содержимого ушного прохода', '5400', '2021-06-22 14:34:19'),
('33', 'цитология внутренних органов', '3200', '2021-01-05 10:48:58'),
('3', 'исследование перитонеальной жидкости', '5000', '2022-10-04 12:59:08'),
('53', 'бетта-гидроксибутират', '5600', '2022-02-11 19:18:51'),
('23', 'определение фенобарбитала в сыворотке крови', '2600', '2021-01-07 16:12:20'),
('40', 'активированное частичное тромбопластиновое время', '4400', '2018-07-01 20:54:08'),
('8', 'исследование перитонеальной жидкости', '5400', '2018-01-25 14:04:47'),
('55', 'клинический анализ мочи', '6400', '2019-03-17 15:54:56'),
('69', 'тест на осмотическую хрупкость эритроцитов', '3000', '2021-09-01 13:01:33'),
('79', 'соотношение ггт/креатинин в моче', '7200', '2019-06-18 22:53:00'),
('71', 'количество эритроцитов', '6800', '2018-02-05 15:37:39'),
('60', 'исследование костного мозга', '2400', '2023-11-25 15:05:03'),
('69', 'цитохимия', '4200', '2022-07-07 19:29:53'),
('79', 'тест на осмотическую хрупкость эритроцитов', '4200', '2021-07-08 15:18:48'),
('57', 'цитологическое исследование кала', '5400', '2022-09-09 11:01:00'),
('10', 'количество лейкоцитов', '6400', '2020-01-08 16:43:47'),
('37', 'количество тромбоцитов', '5400', '2019-11-18 12:19:00'),
('29', 'желчные кислоты', '7200', '2022-10-24 13:42:31'),
('32', 'капиллярная кровь или лейкоцитарная пленка на кровепаразитов', '4200', '2023-04-27 15:46:11'),
('54', 'соотношение желчные кислоты/креатинин в моче', '5400', '2020-01-01 19:04:00'),
('89', 'гематокрит', '5400', '2019-06-09 22:41:43'),
('52', 'цитологическое исследование мочи', '3600', '2018-01-01 18:07:07'),
('39', 'ионизированный кальций', '6400', '2021-06-21 21:20:46'),
('73', 'холинэстераза', '2400', '2019-09-13 10:32:22'),
('50', 'активированное частичное тромбопластиновое время', '2400', '2022-03-22 21:01:01');

INSERT INTO `zoosalon`
(animal_id, name, price, created_at)
VALUES
('73', 'удаление секрета параанальных желёз', '3300', '2023-10-25 14:51:17'),
('67', 'стрижка когтей', '2700', '2022-04-06 12:00:31'),
('34', 'гигиеническая стрижка', '2100', '2022-01-02 21:32:49'),
('56', 'гигиеническая стрижка', '2300', '2021-12-23 20:52:58'),
('65', 'удаление секрета параанальных желёз', '3100', '2019-01-31 10:45:24'),
('72', 'мытьё', '2500', '2020-07-12 20:57:59'),
('34', 'мытьё', '1900', '2021-07-14 13:45:16'),
('32', 'удаление секрета параанальных желёз', '3700', '2021-04-20 20:14:16'),
('39', 'удаление секрета параанальных желёз', '1500', '2019-07-11 22:35:59'),
('17', 'модельная стрижка', '2300', '2018-07-14 11:41:29'),
('88', 'гигиеническая стрижка', '1900', '2023-10-14 19:05:41'),
('85', 'гигиеническая стрижка', '500', '2022-09-13 12:16:27'),
('52', 'удаление секрета параанальных желёз', '500', '2018-09-23 10:52:16'),
('13', 'стрижка когтей', '2300', '2022-01-01 13:40:22'),
('29', 'модельная стрижка', '700', '2018-03-09 11:27:05'),
('54', 'удаление зубного камня', '2700', '2019-09-26 13:01:19'),
('80', 'вычёсывание колтунов', '500', '2023-10-31 14:10:58'),
('90', 'вычёсывание колтунов', '3500', '2020-12-15 21:27:35'),
('43', 'гигиеническая стрижка', '2900', '2019-02-02 19:22:17'),
('99', 'вычёсывание колтунов', '1100', '2023-02-13 14:19:27'),
('28', 'мытьё', '2100', '2020-02-03 22:19:17'),
('67', 'гигиеническая стрижка', '3300', '2020-07-30 22:17:43'),
('19', 'мытьё', '3300', '2018-03-14 17:26:13'),
('73', 'гигиеническая стрижка', '700', '2022-12-22 19:00:53'),
('1', 'гигиеническая стрижка', '1300', '2020-04-29 18:03:19'),
('18', 'гигиеническая стрижка', '700', '2020-12-11 10:26:58'),
('71', 'вычёсывание колтунов', '2900', '2023-10-26 12:44:05'),
('44', 'стрижка когтей', '2500', '2021-03-05 12:33:40'),
('28', 'мытьё', '3300', '2019-04-19 16:49:50'),
('80', 'удаление секрета параанальных желёз', '3900', '2022-03-02 21:44:14'),
('87', 'вычёсывание колтунов', '2900', '2018-04-17 18:08:49'),
('61', 'стрижка когтей', '3700', '2019-08-20 10:03:09'),
('65', 'гигиеническая стрижка', '1900', '2020-02-19 14:06:33'),
('15', 'мытьё', '3100', '2020-01-08 18:15:16'),
('57', 'вычёсывание колтунов', '2700', '2021-02-24 15:49:14'),
('92', 'удаление секрета параанальных желёз', '900', '2020-10-26 12:43:28'),
('35', 'удаление зубного камня', '2500', '2018-06-06 11:59:53'),
('54', 'мытьё', '3900', '2022-06-04 20:47:51'),
('95', 'модельная стрижка', '1500', '2023-12-24 19:23:28'),
('7', 'удаление зубного камня', '500', '2021-09-16 13:30:14');
